$,Skip,Skip,String,String,String,Skip
!,Skip,Skip,id,valueType,value,Skip
#,所属模块,变量名称,变量id,值类型,变量值,说明
,消费价格,购买体力价格,buyEnergy,Array,"[[1,50,60],[3,100,60],[7,200,60],[10,400,60],[14,800,60]]",次数范围，价格，获得体力值
,精英关卡,精英关卡限定次数,hardDungeonTickets,int,3,精英关卡次数
,关卡相关,普通关卡最高扫荡次数,normalDungeonRushTimes,int,5,普通关卡扫荡五次
,关卡相关,精英关卡最高扫荡次数,hardDungeonRushTimes,int,3,精英关卡扫荡三次
,关卡相关,精英关卡门票道具ID,hardDungeonTicketsID,int,12603005,道具id
,消费价格,重置精英副本价格,buyResetHardDungeon,Array,"[[1,20],[2,50],[4,100],[6,200],[8,400],[10,600],[12,800],[14,1000]]",次数范围，价格
,关卡相关,复活币ID,RevivalCoinID,int,12603002,物品ID
,消费价格,副本内直购复活币价格,buyRevival,int,20,副本内直接购买复活币的价格
,消费价格,付费扫荡单次价格,buyRush,int,1,单次扫荡价格
,关卡相关,扫荡券ID,rushItemID,int,12603001,扫荡券ID
,体力系统,最大体力值,maxEnergy,int,60,最大体力值
,体力系统,定时体力恢复值,recoverEnergyValue,int,1,单次体力恢复值
,体力系统,定时体力恢复间隔,recoverEnergyTime,int,600,单次体力恢复时间（秒）
,浦原温泉,定点奖励体力值,bonusEnergyValue,Array,"[60,60]",奖励体力值
,浦原温泉,定点奖励体力时间,bonusEnergyTime,Array,"[[12:00:00,14:00:00],[18:00:00,20:00:00]]",奖励体力可获取时间范围
,新手相关,新手城镇,bornTown,int,14200001,新手村的town id
,关卡相关,普通关卡血量评分,normalDungeonHPScore,Array,"[[0,0],[80,100],[90,150]]","[坑],[普通本条件及得分],[精英本条件及得分]"
,关卡相关,普通关卡时间评分,normalDungeonTimeScore,Array,"[[0,100],[51,0],[100,0]]",[通关时间与参考时间的百分比，得分]，大于等于时得分
,关卡相关,普通关卡时间评分（显示用）,normalDungeonTimeScoreShow,int,50,百分比
,刀灵系统,斩魄刀最高开放星级,bladeMaxStar,int,5,斩魄刀升星最高星级
,刀灵系统,斩魄刀升星消耗金币,bladeStarGoldCost,Array,"[0,10000,15000,20000,25000]",[0升1，1升2，2升3，...]的金币消耗
,刀灵系统,斩魄刀升星消耗碎片,bladeStarPieceCost,Array,"[0,20,50,100,150]",[0升1，1升2，2升3，...]的碎片消耗
,核心参数,当前开放的最高等级,maxLv,int,80,当前开放的最高等级
,刀灵系统,斩魄刀强化品质等级,bladeStrengthQuality,Array,"[81,81,81,81,81]",[白色，绿色，蓝色，紫色]品质的强化最高等级
,刀灵系统,斩魄刀技能最高等级,bladeSkillMaxLv,int,80,技能最高可升级等级
,九龙城寨,男女主角初始时装形象,defaultDress,Array,"[12401001,12402001]",男女角色默认时装形象
,新手相关,初始斩魄刀,defaultBlade,Array,[12102001],初始携带的斩魄刀
,灵魂系统,灵魂列表大小,soulListSize,Array,"[2000,2000,2000,2000,2000,2000,2000,2000,2000,2000,2000,2000,2000,2000,2000,2000]",[初始大小，扩容一次，扩容两次…]
,消费价格,灵魂列表扩容价格,soulListSizePrice,int,60,扩容价格
,灵魂系统,灵魂装备格开放顺序,soulEquipOrder,Array,"[1,2,3,4,5,6,7,8,9]",[第一次开放，第二次开放...]
,灵魂系统,灵魂装备格开放等级,soulEquipSizeLv,Array,"[1,1,1,15,20,30,35,40,50]",[第一格开放等级，第二格开放等级...]
,九龙城寨,灵魂开放等级,soulMaxLv,int,80,灵魂最高等级
,灵魂系统,灵魂等级经验,soulLvExp,Array,"[526,554,582,612,644,678,714,750,788,828,870,914,962,1012,1064,1118,1176,1236,1300,1366,1436,1510,1586,1666,1750,1838,1932,2030,2132,2240,2354,2474,2600,2732,2870,3014,3166,3326,3494,3670,3854,4048,4252,4466,4690,4926,5174,5434,5708,5994,6296,6612,6944,7292,7658,8042,8446,8870,9314,9780,10270,10784,11324,11892,12488,13114,13772,14462,15186,15946,16744,17582,18462,19386,20356,21376,22446,23570,24750,25990]",灵魂等级经验
,灵魂系统,灵魂品质经验系数,soulQualityExpFix,Array,"[400,1000,2000,3000,4000]",品质对灵魂等级经验的修正千分比
,灵魂系统,灵魂融合经验同类修正系数,soulFusionSameTypeFix,int,750,千分率
,灵魂系统,灵魂融合经验不同类修正系数,soulFusionDiffTypeFix,int,500,千分率
,灵魂系统,灵魂融合义魂丸来源,soulFusionLink,Array,"[[1,12901001],[2,12901002],[3,12901003]]","[类型,物品id]"
,九龙城寨,灵魂额外属性品质概率,soulEXAttrProb,Array,"[100,200,300,400,500]",品质对应灵魂生成额外属性千分率
,九龙城寨,灵魂额外属性上限,soulEXAttrMax,int,99,额外属性上限
,九龙城寨,灵魂额外属性单点战斗力,soulEXAttBP,int,10,额外属性单点提供的战斗力
,灵魂系统,灵魂进化上限,soulEvolutMax,int,5,灵魂进化上限
,灵魂系统,灵魂进化消耗,soulEvolutCost,Array,"[2,3,4,5]",[进化第一次消耗，进化第二次消耗，…]
,灵魂系统,灵魂升阶上限,soulUpgradeMax,int,11,灵魂最高进阶
,新手相关,默认任务,defaultQuestID,Array,[19105001],新手默认接受的任务
,新手相关,默认道具,defaultItem,Array,[],"[[道具ID1,数量1].[道具ID2,数量2]]"
,刀灵系统,刀灵解放节点数量,liberationMaxNode,int,60,刀灵解放总节点数
,刀灵系统,刀灵解放特殊节点ID,liberationSpecialNode,Array,"[5,6,7,8,33,34,35,36]",各个特殊节点的位置
,刀灵系统,刀灵解放特殊节点所需道具,liberationSpecialItem,int,12600013,道具id
,九龙城寨,刀灵解放单线最大节点数,liberationLineMaxNode,int,25,刀灵解放单线最大的节点数量
,核心参数,默认拔刀动作,defaultDrawSkill,int,15107003,默认拔刀动作
,竞技场,竞技场单局时间限制,arenaMaxTime,int,180,竞技场最长时间(秒)
,竞技场,竞技场挑战冷却时间,arenaCDTime,int,300,竞技场挑战后冷却时间(秒)
,竞技场,竞技场清冷却时间消费,arenaCDCleanCost,int,5,竞技场清CD消费，钻石/分钟。
,竞技场,竞技场每日次数,arenaDailyTickets,int,5,竞技场每日免费次数
,消费价格,竞技场次数购买价格,arenaTicketsPrice,Array,"[[1,10],[2,20],[3,40],[4,80],[5,100],[6,150],[7,200],[8,250],[9,300],[10,350],[11,400],[12,450],[13,500]]",次数范围，价格
,竞技场,竞技场结算时间,arenaGrantTime,String,21:00:00,竞技场排名奖励结算时间
,竞技场,竞技场排行内筛选范围,arenaRange,int,10000,竞技场排行范围
,竞技场,竞技场排行内筛选范围,arenaPickRange,Array,"[[100,98],[97,50],[49,30]]",范围内的选取规则(百分比)
,竞技场,竞技场排行外筛选范围,arenaOutPickRange,Array,"[[10000,9800],[9799,9500],[9499,9000]]",范围内的外取规则(数值)
,竞技场,竞技场获胜奖励倍率,arenaWinReward,int,2000,竞技场获胜获得的奖励倍率
,竞技场,竞技场对手乱入范围,arenaRivalEventRange,Array,"[10,10]",前后10名的范围作为对手
,竞技场,竞技场对手乱入概率,arenaRivalEventProb,int,17100201,伪随机配置
,竞技场,竞技场对手乱入时间,arenaRivalEventTime,int,120,分钟
,竞技场,竞技场对手乱入奖励,arenaRivalEventReward,int,16211030,掉落包
,竞技场,竞技场商店选取内容,arenaShopPick,Array,"[[301,1],[302,1],[303,1],[304,1],[305,1],[306,1]]",[[分类，选取数量]，[分类，选取数量]，…]
,竞技场,竞技场商店刷新时间,arenaShopRefreshTime,String,5:00:00,每日刷新时间
,消费价格,竞技场商店清CD价格,arenaShopRefreshPrice,Array,"[[1,20],[3,40],[5,80],[7,200],[9,400],[10,800]]",次数范围，价格
,竞技场,竞技场排名奖励,arenaRankReward,Array,"[[1,1,19600001],[2,2,19600002],[3,3,19600003],[4,4,19600004],[5,5,19600005],[6,6,19600006],[7,7,19600007],[8,8,19600008],[9,9,19600009],[10,10,19600010],[11,20,19600011],[21,30,19600012],[31,40,19600013],[41,50,19600014],[51,70,19600015],[71,100,19600016],[101,200,19600017],[201,300,19600018],[301,400,19600019],[401,500,19600020],[501,700,19600021],[701,1000,19600022],[1001,2000,19600023],[2001,3000,19600024],[3001,4000,19600025],[4000,5000,19600026],[5001,7000,19600027],[7001,10000,19600028],[10000,9999999,19600029]]","[[范围上限，范围下限，邮件ID],…]"
,竞技场,竞技场场景ID,arenaDungeonID,int,14103001,竞技场场景ID
,竞技场,竞技场首次排名奖励,arenaFirstRankReward,Array,"[[1,19600030],[2,19600031],[3,19600032],[4,19600033],[5,19600034],[7,19600035],[10,19600036],[30,19600037],[70,19600038],[100,19600039],[300,19600040],[700,19600041],[1000,19600042],[3000,19600043],[5000,19600044],[7000,19600045],[10000,19600046]]",[排名，mailID]
,九龙城寨,竞技场临时配置机器人数,arenaBotNum,int,200,200个机器人用来垫底
,九龙城寨,竞技场机器人随机等级范围,arenaBotLv,Array,"[9,32]",[随机下限，随机上限]
,核心参数,重置时间,allResetTime,String,5:00:00,凌晨5点，全部重置
,灵魂热斗,灵魂热斗场景列表,soulFightDungeonID,Array,"[14103002,14103003,14103004,14103005,14103006,14103007,14103008]",灵魂热斗场景ID
,灵魂热斗,灵魂热斗宝箱出现场次,soulFightChestRound,Array,"[3,6,9,12,15]",第N场后出现宝箱
,灵魂热斗,灵魂热斗关卡数量,soulFightDungeonNum,int,15,场
,灵魂热斗,灵魂热斗完美通关奖励系数,soulFightPrefectWinFix,int,500,千分率
,九龙城寨,灵魂热斗免费卡牌,soulFightFreeChest,Array,"[16200012,16200012,16200012,16200012,16200012]",灵魂热斗免费卡片
,九龙城寨,灵魂热斗付费卡牌,soulFightCashChest,Array,"[16200013,16200013,16200013,16200013,16200013]",灵魂热斗付费卡片
,灵魂热斗,灵魂热斗最高成长等级,soulFightMaxGrow,int,30,灵魂热斗最大成长次数
,灵魂热斗,S及以上的斩魄刀最低层数,soulFightRarityLimit,int,6,blade的rarity大于等于3的刀最低出现的层数
,灵魂热斗,灵魂热斗选择层数,soulFightFloorRange,Array,"[6,12,15]",匹配层数
,灵魂热斗,灵魂热斗匹配分段,soulFightRankRange,Array,"[[3000,5000],[2000,2999],[1000,1999],[500,999],[300,499],[200,299],[1,199]]",自己的排名区间
,灵魂热斗,灵魂热斗选取范围,soulFightPickRange,Array,"[[[3000,5000],[2000,2999],[1500,1999]],[[2000,2999],[1000,1999],[500,999]],[[1000,1999],[500,999],[300,499]],[[500,999],[300,499],[200,299]],[[300,499],[200,299],[100,199]],[[200,299],[100,199],[1,99]],[[100,199],[50,99],[1,49]]]",选取的范围
,灵魂热斗,灵魂热斗胜利后回复率,soulFightCPRev,int,150,千分率
,灵魂热斗,灵魂热斗翻牌分配,soulFightCardGroup,Array,"[[3,2],[2,3],[4,1]]","[[免费卡牌数量，付费卡牌数量],…]"
,消费价格,灵魂热斗重置价格,soulFightResetPrice,Array,"[[1,0],[2,500],[3,700],[5,1000],[7,2000],[9,4000]]",次数范围，价格
,消费价格,灵魂热斗付费卡牌价格,soulFightCashCardPrice,int,100,灵魂热斗付费卡牌钻石价格
,传令神机,传令神机关卡列表,iPhoneDungeonList,Array,"[14103011,14103012,14103013]",传令神机关卡列表
,传令神机,传令神机等级要求,iPhoneDungeonLv,Array,"[1,40,65]",传令神机关卡等级需求
,传令神机,传令神机CD时间,iPhoneCDTime,int,300,秒
,传令神机,传令神机每日次数,iPhoneDailyTickets,int,3,每日次数
,魂屋,攻击魂屋关卡,soulRoomAttDungeon,Array,"[14103017,14103018,14103019]",[难度1关卡，难度2关卡，难度3关卡]
,魂屋,防御魂屋关卡,soulRoomDefDungeon,Array,"[14103020,14103021,14103022]",[难度1关卡，难度2关卡，难度3关卡]
,魂屋,增强魂屋关卡,soulRoomIncDungeon,Array,"[14103023,14103024,14103025]",[难度1关卡，难度2关卡，难度3关卡]
,魂屋,攻击魂屋评分,soulRoomAttScore,Array,"[0,400,1000]",千分率
,魂屋,防御魂屋评分,soulRoomDefScore,Array,"[1,2,3]",坚持波次数
,魂屋,增强魂屋评分,soulRoomIncScore,Array,"[0,30,80]",地鼠分数
,魂屋,攻击魂屋奖励,soulRoomAttReward,Array,"[[16209001,16209002,16209003],[16209004,16209005,16209006],[16209007,16209008,16209009]]",[难度1[分段1，分段2，分段3]，难度2[...]，难度3[...]]
,魂屋,防御魂屋奖励,soulRoomDefReward,Array,"[[16209010,16209011,16209012],[16209013,16209014,16209015],[16209016,16209017,16209018]]",[难度1[分段1，分段2，分段3]，难度2[...]，难度3[...]]
,魂屋,增强魂屋奖励,soulRoomIncReward,Array,"[[16209019,16209020,16209021],[16209022,16209023,16209024],[16209025,16209026,16209027]]",[难度1[分段1，分段2，分段3]，难度2[...]，难度3[...]]
,魂屋,魂屋CD时间,soulRoomCDTime,int,300,秒
,魂屋,魂屋每日次数,soulRoomDailyTickets,int,2,每日次数  2
,魂屋,魂屋安排,soulRoomSelect,Array,"[1,2,3,1,2,3,0]","[星期一，星期二，星期三…..]    [1,2,3,1,2,3,0]"
,魂屋,魂屋各难度等级限制,soulRoomDungeonLv,Array,"[1,45,70]",[难度1等级要求，难度2等级要求，难度3等级要求]
,魂屋,防御魂屋穿界门ID,soulRoomDefDoorID,int,11200208,穿界门NPCID
,九龙城寨,防御魂屋穿界门血量,soulRoomDefDoorHP,int,100,穿界门血量
,九龙城寨,防御魂屋各个怪物减血量,soulRoomDefMonsterAtt,Array,"[[11200201,5],[11200202,10],[11200204,20]]","[[怪物ID,减血量],[怪物ID,减血量]…]"
,魂屋,增强魂屋各个怪物击杀分数,soulRoomIncMonsterScore,Array,"[[11200201,2],[11200202,4],[11200204,6],[11200206,-1]]","[[怪物ID,分数],[怪物ID,分数]…]"
,魂屋,增强魂屋时间段,soulRoomIncTimeLine,Array,"[0,24,49,73]",大于该时间（秒）
,魂屋,增强魂屋各时间段刷怪间隔,soulRoomIncInterval,Array,"[6,5,4,3]",n秒刷一次
,魂屋,增强魂屋各时间段刷怪数量,soulRoomIncMonsterNum,Array,"[1,2,1,3,1,4,2,5]","[数量下限1,数量上限1,数量下限2,数量上限2,…….]"
,魂屋,一般魂屋体力消耗,soulRoomEnergyCost,int,0,魂屋消耗体力
,魂屋,魂屋紧急特训体力消耗,emergencySoulRoomEnergyCost,int,0,紧急特训消耗体力
,魂屋,魂屋紧急特训出现时间,emergencySoulRoomTime,Array,"[18:00:00,20:00:00]",开始时间，结束时间
,魂屋,魂屋紧急特训次数,emergencySoulRoomTickets,int,1,次
,魂屋,攻击魂屋紧急特训奖励,emergencySoulRoomAttReward,Array,"[[16209028,16209029,16209030],[16209031,16209032,16209033],[16209034,16209035,16209036]]",[难度1[分段1，分段2，分段3]，难度2[...]，难度3[...]]
,魂屋,防御魂屋紧急特训奖励,emergencySoulRoomDefReward,Array,"[[16209037,16209038,16209039],[16209040,16209041,16209042],[16209043,16209044,16209045]]",[难度1[分段1，分段2，分段3]，难度2[...]，难度3[...]]
,魂屋,增强魂屋紧急特训奖励,emergencySoulRoomIncReward,Array,"[[16209046,16209047,16209048],[16209049,16209050,16209051],[16209052,16209053,16209054]]",[难度1[分段1，分段2，分段3]，难度2[...]，难度3[...]]
,魂屋,魂屋碎片奖励id,soulRoomRewardList,Array,"[[12900008,12900008,12900008],[12900006,12900006,12900006],[12900010,12900010,12900010]]","[[攻击魂屋1，攻击魂屋2，攻击魂屋3],[防御魂屋1….."
,消费价格,魂屋购买价格,buySoulRoom,Array,"[[1,50],[2,100],[3,200],[4,300],[5,500]]",次数范围，价格
,扭蛋,金币单抽,GoldGacha,int,16208001,掉落包ID
,扭蛋,钻石单抽,CashGacha,int,16208002,掉落包ID
,扭蛋,金币十连,GoldGachaTen,int,16208003,掉落包ID
,扭蛋,钻石十连,CashGachaTen,int,16208004,掉落包ID
,扭蛋,金币首次单抽,firstGoldGacha,int,16208005,掉落包ID
,扭蛋,钻石首次单抽,firstCashGacha,int,16208006,掉落包ID
,扭蛋,金币首次十连,firstGoldGachaTen,int,16208007,掉落包ID
,扭蛋,钻石首次十连,firstCashGachaTen,int,16208008,掉落包ID
,扭蛋,金币单抽价格,GoldGachaPrice,int,2800,金币
,扭蛋,钻石单抽价格,CashGachaPrice,int,280,钻石
,消费价格,金币十连价格,GoldGachaTenPrice,int,25800,金币
,消费价格,钻石十连价格,CashGachaTenPrice,int,2580,钻石
,扭蛋,金币每日免费次数,GoldGachaFreeNum,int,5,次
,扭蛋,金币每日CD时间,GoldGachaCDTime,int,600,秒
,扭蛋,钻石抽卡CD时间,CashGachaCDTime,int,172800,秒
,扭蛋,神秘扭蛋价格,vipGachaPrice,int,400,钻石
,九龙城寨,金币产出-刀 -目前为空,GoldGachaBlade,Array,16208012,金币扭蛋斩魄刀产出
,九龙城寨,金币产出-魂,GoldGachaSoul,Array,16208013,金币扭蛋灵魂产出
,九龙城寨,钻石产出-刀,CashGachaBlade,Array,16208014,钻石扭蛋斩魄刀产出
,九龙城寨,钻石产出-魂,CashGachaSoul,Array,16208015,钻石扭蛋灵魂产出
,核心参数,斩魄刀整卡返还碎片,bladePieceReturn,Array,"[7,20,30,60,100]",[一星，二星，三星，四星，五星]重复获得时折算碎片
,九龙城寨,灵魂整卡返还碎片,soulPieceReturn,Array,"[7,14,20,30,40]",[一星，二星，三星，四星，五星]重复获得时折算碎片
,扭蛋,金币购买道具（掉落包）,GoldGachaBuyItem,int,16208009,掉落包ID
,扭蛋,钻石购买道具（掉落包）,CashGachaBuyItem,int,16208010,掉落包ID
,扭蛋,神秘扭蛋购买道具（掉落包）,vipGachaBuyItem,int,16208010,掉落包ID
,炼金机,炼金机暴击伪随机,buyGoldCritProb,int,17100301,伪随机ID，与账号绑定
,炼金机,炼金机暴击倍数及概率,buyGoldCritFix,Array,"[[2000,400],[3000,400],[5000,200]]","[[千分率倍数，千分率概率],…]    互斥"
,消费价格,炼金机价格,buyGoldPrice,Array,"[[1,10,287,896],[2,20,287,896],[5,40,161,625],[10,100,53,291],[21,200,46,79],[40,300,29,46],[70,400,16,33],[101,500,7,14],[150,600,4,9],[200,700,3,6],[250,800,2,4]]",次数范围，价格，随机下限，随机上限
,炼灵魂机,炼灵魂机暴击伪随机,buySoulCritProb,int,17100302,伪随机ID，与账号绑定
,炼灵魂机,炼灵魂机暴击倍数及概率,buySoulCritFix,Array,"[[2000,400],[3000,400],[5000,200]]","[[千分率倍数，千分率概率],…]    互斥"
,消费价格,炼灵魂机价格,buySoulPrice,Array,"[[1,10,0,0],[2,20,57,179],[5,40,32,125],[10,100,11,58],[21,200,9,16],[40,300,6,9],[70,400,3,7],[101,500,1,3],[150,600,1,2],[200,700,1,1],[250,800,0,1]]",次数范围，价格，随机下限，随机上限
,九龙城寨,临时用PK场景ID,pkDungeonID,int,14103026,临时用ID
,日常商店,日常商店刷新列表,dailyShopList,Array,"[102,101,103,104,105,106]",格子对应列表
,刷新商店,刷新商店刷新列表,refreshShopList,Array,"[[201],[202],[203],[204],[205],[206],[207],[208],[209],[210],[211],[212]]",格子对应列表
,刷新商店,刷新商店刷新时间,refreshShopResetTime,Array,"[9:00:00,12:00:00,21:00:00]",刷新时间
,刷新商店,刷新商店刷新价格,refreshShopResetPrice,Array,"[[1,20],[3,40],[5,80],[7,200],[9,400],[10,800]]",次数范围，价格
,每日任务,扫荡券发放任务ID,rushItemQuest,int,19103001,扫荡券发放任务ID
,九龙城寨,月卡价格,monthlyCardPrice,int,30,月卡价格
,月卡,月卡持续天数,monthlyCardDays,int,30,天
,九龙城寨,月卡钻石,monthlyCardOnceGet,int,300,立即获得钻石数量
,月卡,月卡每日领取,monthlyCardDailyGet,int,120,每日领取钻石数量
,月卡,月卡刷新时间,monthlyCardRefreshTime,String,0:00:00,每日零点刷新
,月卡,月卡到期提醒邮件日期,monthlyCardRemindTime,int,3,天
,月卡,月卡到期提醒邮件ID,monthlyCardRemindMail,Array,"[19601002,19601003,19601004]",邮件ID
,签到,签到VIP奖励倍率,monthCheckVipFix,int,2,倍数
,签到,签到VIP升级补偿邮件,monthCheckVipMail,int,19601001,邮件ID
,九龙城寨,超时断连时间,timeOutSecond,int,600,秒
,核心参数,同屏机器人数量,townRobotNum,int,15,同屏机器人数量
,时装,时装最高进化阶级,dressMaxGrade,int,10,最高进化到10阶
,锁结,锁结开放个数,lockkontOpenNum,int,2,目前锁结开放个数
,推送,CBT1推送斩月时间,NotifyBladeTime,String,20:00:00,登录推送
,loading画面,可用魂图片列表,loadingSoulPic,Array,"[11400007,11400008,11400009,12300001,12300002,12300004,12300005,12300006,12300010,12300011,12300012,12300015,12300016,12300017,12300019,12300020,12300021,12300022,12300023,12300024,12300027,12300029,12300030,12300031,12300032,12300036,12300037,12300039,12300041,12300043,12300045,12300046,12300047,12300048,12300050,12300051,12300052,12300053,12300054,12300058,12300059,12300060,12300061,12300062,12300063,12300064,12300065,12300067,12300068,12300069,12300070,12300071,12300072,12300073,12300093,12300104,12300079,12300078,12300077,12300076,12300075,12300074]",可使用的图片列表
,通天塔,通天塔强力复活次数,towerReviveTime,int,3,可使用强力复活的次数
,通天塔,强力复活价格,towerRevivePrice,int,"[[1,10],[2,30],[3,50]]",强力复活价格
,通天塔,强力复活效果,towerReviveBuff,int,15205004,附带的buffID
,通天塔,通关时间与跳跃层数,towerJumpFloor,Array,"[[1,9],[15,8],[30,5],[40,3],[50,1],[60,0]]","[[时间范围，跳跃层数],…]"
,通天塔,通天塔双倍奖励价格,towerDoubleRewardPrice,int,850,双倍奖励的价格
,通天塔,通天塔最高层数,towerMaxFloor,int,100,单塔最高层数
,通天塔,通天塔重置价格,towerReserPrice,Array,"[[1,500],[2,1000]]",通天塔重置价格
,通天塔,通天塔奖励计算层数,towerRewardFloor,Array,"[1,5,10,15,20,25,30,35,40,45,50,55,60,65,70,75,80,85,90,95,100]",结算层
,通天塔,通天塔A奖励,towerARewardPack,Array,"[[16215001,16215002,16215003,16215004,16215005,16215006,16215007,16215008,16215009,16215010,16215011,16215012,16215013,16215014,16215015,16215016,16215017,16215018,16215019,16215020,16215021]]","[[层数,掉落包],…]"
,通天塔,通天塔B奖励,towerBRewardPack,Array,"[[16215022,16215023,16215024,16215025,16215026,16215027,16215028,16215029,16215030,16215031,16215032,16215033,16215034,16215035,16215036,16215037,16215038,16215039,16215040,16215041,16215042]]","[[层数,掉落包],…]"
,通天塔,通天塔A关卡ID范围,towerADungeonID,Array,"[14104001,14104100]",关卡ID
,通天塔,通天塔B关卡ID范围,towerBDungeonID,Array,"[14105001,14105100]",关卡ID
,世界Boss,牙密关卡ID,bossYammyID,int,14103027,关卡ID
,世界Boss,牙密开启时间,bossYammyOpenTime,Array,[19:30:00],世界Boss开放时间
,世界Boss,牙密持续时间,bossYammyDurationTime,int,30,分钟
,世界Boss,牙密成长时间,bossYammyUpgradeTime,int,15,分钟
,世界Boss,牙密属性成长率,bossYammyUpgradeVaule,int,1000,最终属性=怪物所有属性*（1+该值*击败次数/1000)
,世界Boss,牙密技能成长等级,bossYammySkillUpgradeVaule,int,500,技能等级=关卡等级+该值/1000*击败次数
,世界Boss,牙密最高成长次数,bossYammyUpgradeMax,int,100,最高成长次数，击败次数=min（击败次数，该值）
,世界Boss,牙密尾刀奖励邮件,bossYammyLastHitReward,int,19602000,邮件ID
,世界Boss,牙密尾刀公告,bossYammyLastHitBroadcast,int,19900006,公告ID
,世界Boss,牙密胜利奖励邮件,bossYammyWinMail,Array,"[[1,1,19602001],[2,2,19602002],[3,3,19602003],[4,4,19602004],[5,5,19602005],[6,6,19602006],[7,7,19602007],[8,8,19602008],[9,9,19602009],[10,10,19602010],[11,20,19602011],[21,30,19602012],[31,40,19602013],[41,50,19602014],[51,70,19602015],[71,100,19602016],[101,200,19602017],[201,300,19602018],[301,400,19602019],[401,500,19602020],[501,9999999,19602021]]","[[范围上限，范围下限，邮件ID],…]  规则同竞技场邮件"
,世界Boss,牙密失败奖励邮件,bossYammyLoseMail,Array,"[[1,1,19603001],[2,2,19603002],[3,3,19603003],[4,4,19603004],[5,5,19603005],[6,6,19603006],[7,7,19603007],[8,8,19603008],[9,9,19603009],[10,10,19603010],[11,20,19603011],[21,30,19603012],[31,40,19603013],[41,50,19603014],[51,70,19603015],[71,100,19603016],[101,200,19603017],[201,300,19603018],[301,400,19603019],[401,500,19603020],[501,9999999,19603021]]","[[范围上限，范围下限，邮件ID],…]  规则同竞技场邮件"
,世界Boss,牙密开启等级,bossYammyOpenLv,int,20,人物等级
,世界Boss,牙密推送时间,bossYammyNotifyTime,String,19:27:00,时间
,世界Boss,拳西关卡ID,bossKenseiID,int,14103028,关卡ID
,世界Boss,拳西门票道具ID,bossKenseiTicket,int,12603004,道具ID
,世界Boss,拳西门票价格,bossKenseiTicketPrice,int,500,钻石
,世界Boss,拳西开启者固定奖励,bossKenseiBuyReward,int,19604001,邮件ID
,世界Boss,拳西胜利奖励,bossKenseiWinReward,int,19604002,邮件ID
,世界Boss,拳西失败奖励,bossKenseiLoseReward,int,19604003,邮件ID
,世界Boss,拳西属性成长率,bossKenseiUpgradeVaule,int,1000,千分率，计算同牙密
,世界Boss,拳西技能成长等级,bossKenseiSkillUpgradeVaule,int,500,世界Boss技能成长等级，计算同牙密
,世界Boss,拳西最高成长次数,bossKenseiUpgradeMax,int,100,次数，计算同牙密
,世界Boss,拳西公告,bossKenseiOpenBroadcast,int,19900007,公告ID
,世界Boss,拳西持续时间,bossKenseiDurationTime,int,30,分钟
,世界Boss,拳西开启等级,bossKenseiOpenLV,int,25,人物等级
,世界Boss,拳西每日可中途加入次数,bossKenseiJoinNum,int,5,可舔boss次数
,世界Boss,拳西胜利排行邮件,bossKenseiWinMail,Array,"[[1,1,19606001],[2,2,19606002],[3,3,19606003],[4,4,19606004],[5,5,19606005],[6,6,19606006],[7,7,19606007],[8,8,19606008],[9,9,19606009],[10,10,19606010]]","[[范围上限，范围下限，邮件ID],…]  规则同竞技场邮件"
,世界Boss,猪男关卡ID,bossPigManID,int,14103029,关卡ID
,世界Boss,猪男CD时间,bossPigManCDTime,int,300,秒
,世界Boss,猪男每日次数,bossPigManTicket,int,3,次数
,世界Boss,猪男连击奖励计数,bossPigManComboNum,int,12,hit数
,世界Boss,猪男连击奖励ID,bossPigManComboPack,int,16216005,掉落包
,世界Boss,猪男开启等级,bossPigManOpenLV,int,1,人物等级
,世界Boss,猪男意外退出邮件,bossPigManMail,int,19604004,邮件ID
,世界Boss,猪男关卡时间,bossPigManDungeonTime,int,60,秒
,世界Boss,猪男每周排行邮件,bossPigManWeekMail,Array,"[[1,1,19607001],[2,2,19607002],[3,3,19607003],[4,4,19607004],[5,5,19607005],[6,6,19607006],[7,7,19607007],[8,8,19607008],[9,9,19607009],[10,10,19607010],[11,20,19607011],[21,50,19607012],[51,100,19607015]]","[[范围上限，范围下限，邮件ID],…]  规则同竞技场邮件"
,世界Boss,排行榜人数,bossRankNum,int,10,人
,世界Boss,进入战斗等待时间,bossPrepareTime,int,60,秒
,世界Boss,中途退出CD时间,bossExitCDTime,int,20,秒
,世界Boss,世界Boss鼓舞BuffID,bossBuffID,int,15205003,鼓舞的buffid
,世界Boss,世界Boss鼓舞Buff价格,bossBuffPrice,int,50,钻石
,世界Boss,世界Boss玩家复活时间,bossReviveTime,int,20,秒
,世界Boss,世界Boss玩家复活价格,bossRevivePrice,int,50,钻石
,世界Boss,世界Boss机器人等级范围,bossRobotLv,Array,"[30,60]",等级范围
,充值,充值商品列表,cashItemList,Array,"[17300001,17300002,17300003,17300004,17300005,17300006]",6档充值商品
,消费价格,小喇叭数量价格,speakerPrice,Array,"[5,50]","[数量,价格]"
,消费价格,改名价格,renamePrice,int,500,钻石
,活动,首冲礼包,firstPunchPackID,int,16224000,首冲礼包掉落包id
,活动,CBT3竞技场回馈奖励,CBT3RankGift,Array,"[[1,1,16227007],[2,2,16227008],[3,3,16227009],[4,10,16227010],[11,50,16227011],[51,200,16227012],[201,500,16227013],[501,1000,16227014]]",[排名下限，排名上限，掉落包ID]
,活动,CBT3等级回馈奖励,CBT3LevelGift,Array,"[[30,34,16227002],[35,39,16227003],[40,44,16227004],[45,49,16227005],[50,80,16227006]]",[等级下限，等级上限，掉落包ID]
,活动,CBT3老玩家回馈奖励,CBT3LoginGift,int,16227001,掉落包ID
,魂睡,魂睡金币价格,soulCoreGoldenPrice,int,2000,金币
,魂睡,魂睡钻石1价格,soulCoreCash1Price,int,50,钻石
,魂睡,魂睡钻石2价格,soulCoreCash2Price,int,450,钻石
,魂睡,魂睡金币最小千分率,soulCoreGoldenPercent,int,-990,千分率
,魂睡,魂睡钻石1最小千分率,soulCoreCash1Percent,int,-250,千分率
,魂睡,魂睡钻石2最小千分率,soulCoreCash2Percent,int,0,千分率
,魂睡,魂睡金币加成属性,soulCoreGoldenAttr,Array,"[400,80,80,80,80,80]","[HP,CP强化,物攻,物防,灵攻,灵防]"
,魂睡,魂睡钻石1加成属性,soulCoreCash1Attr,Array,"[667,133,133,133,133,133]","[HP,CP强化,物攻,物防,灵攻,灵防]"
,魂睡,魂睡钻石2加成属性,soulCoreCash2Attr,Array,"[2000,400,400,400,400,400]","[HP,CP强化,物攻,物防,灵攻,灵防]"
,魂睡,魂睡金币道具,soulCoreGoldenItem,Array,"[12603007,1]","道具id,需求数量"
,魂睡,魂睡钻石1道具,soulCoreCash1Item,Array,"[12603008,1]","道具id,需求数量"
,魂睡,魂睡钻石2道具,soulCoreCash2Item,Array,"[12603009,1]","道具id,需求数量"
,魂睡,每日免费金币魂睡次数,soulCoreGoldenFreeTimes,int,3,每日免费金币魂睡次数
,验证,PVE验证等级,PveVerifyLv,int,20,开启验证等级
,验证,PVP验证名次,PvpVerifyRank,int,1000,竞技场开启验证名次
,验证,警告错误次数,AlertTimes,int,3,犯规计数
,验证,致命错误次数,DeadTimes,int,5,死亡计数
,消费价格,补签价格,CheckinPrice,Array,"[[1,50],[2,70],[3,100],[5,200],[6,400],[10,800]]","次数范围,价格"
,计时礼包,计时礼包奖励,timeGiftPack,Array,"[[60,16229001],[900,16229002],[1200,16229003],[1800,16229004],[2700,16229005],[3600,16229006],[7200,16229007],[86400,16229008]]","秒,掉落包id"
,演武场,演武场赛季天数,duelFieldLastDay,int,14,天
,演武场,演武场结算时间点,duelFieldEndTime,String,12:30:00,结算时间
,演武场,演武场计排行分数,duelFieldBottomScore,int,100,分
,演武场,演武场单场胜利分数,duelFieldWinScore,int,5,分
,演武场,演武场单场失败扣分,duelFieldLostScore,int,5,分
,演武场,演武场排名分段,duelFieldRankScore,Array,"[[1,50],[51,100],[101,150],[151,99999999]]",[分段下限，分段上限]
,演武场,演武场排行奖励,duelFieldRankReward,Array,"[[1,1,19605001],[2,2,19605002],[3,3,19605003],[4,4,19605004],[5,5,19605005],[6,6,19605006],[7,7,19605007],[8,8,19605008],[9,9,19605009],[10,10,19605010],[11,50,19605011],[51,100,19605012],[101,150,19605013],[151,99999999,19605014]]",[排名下限，排名上限，邮件ID]
,演武场,演武场每日场次宝箱,duelFieldDailyReward,Array,"[[1,16228001],[3,16228002],[5,16228003]]",[胜利场次，掉落包]
,九龙城寨,演武场匹配积分浮动,duelFieldMatchScore,int,200,积分浮动上下限
,消费相关,演武场押注价格及积分,duelFieldBetScore,Array,"[[25,5],[50,10],[75,15],[100,20],[125,25],[150,30]]",贪
,演武场,演武场商店选取内容,duelFieldShopPick,Array,"[[401,1],[402,1],[403,1],[404,1],[405,1],[406,1]]",[[分类，选取数量]，[分类，选取数量]，…]
,演武场,演武场商店刷新时间,duelFieldShopRefreshTime,String,5:00:00,每日刷新时间
,消费相关,演武场商店清CD价格,duelFieldShopRefreshPrice,Array,"[[1,20],[3,40],[5,80],[7,200],[9,400],[10,800]]",次数范围，价格
,演武场,演武场关卡ID,duelFieldDungeonID,int,14103030,关卡ID
,演武场,演武场匹配人数,duelFieldMatchNum,Array,"[3,7]","[150以上匹配范围,150以下匹配范围]"
,演武场,演武场限时,duelFieldMaxTime,int,180,秒
,变强,变强阶段性奖励,beStrongReward,Array,"[[5000,16230001],[10000,16230002],[15000,16230003],[25000,16230004],[40000,16230005],[65000,16230006],[100000,16230007],[180000,16230008],[300000,16230009],[450000,16230010]]",[战斗力要求，掉落包]
,CBT3,VIP各等级经验补偿,CBT3VipExp,Array,"[0,150,300,400,600,1100,1100,2100,2100,3100,5100,100,100,100,100,100]",等级对应的经验
,CBT4,360精英测试返回道具,CBT4RewardItemFor360,Array,"[12700007,12700008,12700009,12700010,12700011]",公测返还的道具ID
,CBT4,360精英测试记录道具,CBT4RecordItemFor360,Array,"[12700002,12700003,12700004,12700005,12700006]",CBT4记录的道具ID
,公会,创建公会等级,guildCreatLv,int,40,开启公会等级
,公会,创建公会钻石价格,guildCreatPrice,int,600,钻石
,公会,退出公会冷却时间,guildLeaveCDTime,int,24,小时
,公会,体力消耗、贡献、公会经验比值,energyToGuildExp,Array,"[5,1,1]",体力消耗兑换贡献及经验
,公会,钻石捐赠、贡献、公会经验比值,expToGuildExp,Array,"[1,1,1]",钻石兑换贡献及经验
,公会,公会技能升级消耗,guildSkillExp,Array,"[1,2,3,4,5,6,7,8,9,10,11,12,13,14,15,16,17,18,19,20,21,22,23,24,25,26,27,28,29,30]",技能点消耗
,公会,公会洗点价格,guildSkillResetPrice,int,100,钻石
,公会,公会商店选取内容,guildShopPick,Array,"[[501,1],[502,1],[503,1],[504,1],[505,1],[506,1]]",[[分类，选取数量]，[分类，选取数量]，…]
,公会,公会商店刷新时间,guildShopRefreshTime,String,5:00:00,每日刷新时间
,公会,公会商店清CD价格,guildShopRefreshPrice,Array,"[[1,20],[3,40],[5,80],[7,200],[9,400],[10,800]]",次数范围，价格
,公会,公会Boss每日免费次数,guildBossFreeTime,int,1,次数
,公会,公会Boss关卡ID,guildBossDungeonID,int,14103031,关卡ID
,公会,公会Boss开启价格,guildBossTicketPrice,int,500,钻石
,公会,公会Boss属性成长率,guildBossUpgradeVaule,int,1000,千分率，计算同牙密
,公会,公会Boss技能成长等级,guildBossSkillUpgradeVaule,int,500,公会Boss技能成长等级，计算同牙密
,公会,公会Boss最高成长次数,guildBossUpgradeMax,int,100,次数，计算同牙密
,公会,公会Boss持续时间,guildBossDurationTime,int,30,分钟
,排行榜点赞,排行榜点赞每日次数,RankPraiseTimes,int,3,次
,排行榜点赞,排行榜点赞奖励,RankPraiseReward,int,16210002,掉落包
